<?xml version="1.0" encoding="UTF-8" ?>
<phpdoc>
  <parser>
    <target>../api</target>
  </parser>
  <transformer>
    <target>../api</target>
  </transformer>
  <files>
    <file>ajax.php</file>
    <file>index.php</file>
    <directory>class/</directory>
    <ignore>class/kint/*</ignore>
    <directory>class/support</directory>
    <directory>class/models</directory>
    <directory>lib</directory>
    <ignore>lib/rb.php</ignore>
    <ignore>lib/hack.php</ignore>
    <ignore>lib/testautoload.php</ignore>
  </files>
</phpdoc>
